<?xml version="1.0" encoding="UTF-8"?>
<project-private xmlns="http://www.netbeans.org/ns/project-private/1">
    <editor-bookmarks xmlns="http://www.netbeans.org/ns/editor-bookmarks/2" lastBookmarkId="0"/>
    <open-files xmlns="http://www.netbeans.org/ns/projectui-open-files/2">
        <group>
            <file>file:/C:/Users/M%20Rafi%20RiyadhI/OneDrive/Documents/NetBeansProjects/UTSJava/src/java/data/Film.java</file>
            <file>file:/C:/Users/M%20Rafi%20RiyadhI/OneDrive/Documents/NetBeansProjects/UTSJava/web/Index.jsp</file>
            <file>file:/C:/Users/M%20Rafi%20RiyadhI/OneDrive/Documents/NetBeansProjects/UTSJava/web/formpesan.jsp</file>
            <file>file:/C:/Users/M%20Rafi%20RiyadhI/OneDrive/Documents/NetBeansProjects/UTSJava/web/struk.jsp</file>
            <file>file:/C:/Users/M%20Rafi%20RiyadhI/OneDrive/Documents/NetBeansProjects/UTSJava/web/WEB-INF/web.xml</file>
            <file>file:/C:/Users/M%20Rafi%20RiyadhI/OneDrive/Documents/NetBeansProjects/UTSJava/web/css/style.css</file>
        </group>
    </open-files>
</project-private>
